{"cameraMode":{"drawMode":0,"name":"Shaded","section":"Shading Mode"},"sceneLighting":true,"audioPlay":false,"sceneViewState":{"showFog":false,"showMaterialUpdate":false,"showSkybox":false,"showFlares":false,"showImageEffects":false,"showParticleSystems":false},"in2DMode":false,"pivot":{"x":-0.19980597496032716,"y":0.7921531200408936,"z":2.7512524127960207},"rotation":{"x":-0.2566216289997101,"y":-0.07818327844142914,"z":0.02083197608590126,"w":-0.9631193280220032},"size":31.842100143432618,"orthographic":false}